No,签到,全部帖子,帖子-更新,帖子-回复,点评,新注册用户,日期,今日点击,今日点击的注册用户人数,,
1,873,197,82,115,18,622,2018/6/30,46987,1744,,
2,932,163,52,111,16,555,2018/7/1,51386,2253,,
3,910,448,303,145,34,413,2018/7/2,49264,2029,,
4,948,365,187,178,33,475,2018/7/3,53358,2255,,
5,887,193,68,125,31,369,2018/7/4,48321,1921,,
6,819,158,67,91,18,262,2018/7/5,40311,1705,,
7,824,234,81,153,52,262,2018/7/6,44094,1845,,
8,870,264,90,174,42,262,2018/7/7,47787,1820,,
9,1077,355,146,209,35,657,2018/7/8,61032,2309,,
10,958,321,89,232,60,464,2018/7/9,65526,2167,,
11,917,274,74,200,39,267,2018/7/10,50496,1957,,
12,862,262,122,140,23,240,2018/7/11,45945,1865,,
13,880,260,113,147,21,220,2018/7/12,45399,1898,,
14,868,252,102,150,29,233,2018/7/13,48271,1807,,
15,892,206,47,159,25,251,2018/7/14,47588,1794,,
16,859,203,64,139,29,225,2018/7/15,45940,1724,,
17,860,262,81,181,48,256,2018/7/16,51080,1844,,
18,859,253,66,187,32,214,2018/7/17,46859,1762,,
19,840,265,97,168,45,178,2018/7/18,45545,1707,,
20,915,312,71,241,48,330,2018/7/19,51998,1902,,
21,915,324,125,199,60,266,2018/7/20,55279,1958,,
22,927,259,74,185,40,205,2018/7/21,52032,1738,,
23,868,207,62,145,34,245,2018/7/22,55027,1751,,
24,911,230,81,149,37,294,2018/7/23,58467,1970,,
25,863,322,89,233,47,228,2018/7/24,59612,1735,,
26,913,291,78,213,65,170,2018/7/25,52196,1738,,
27,864,251,68,183,52,177,2018/7/26,53578,1729,,
28,1007,241,81,160,47,476,2018/7/27,53692,1977,,
29,892,315,85,230,47,249,2018/7/28,56659,1780,,
30,872,201,65,136,28,218,2018/7/29,51206,1793,,
31,869,297,107,190,43,223,2018/7/30,55861,1852,,
32,915,324,108,216,27,293,2018/7/31,53668,2013,,
33,862,343,100,243,76,252,2018/8/1,56125,1900,,
34,928,349,95,254,47,277,2018/8/2,60955,2232,,
35,904,246,77,169,48,232,2018/8/3,56239,1974,,
36,887,242,68,174,27,222,2018/8/4,55899,1906,,
37,869,229,59,170,35,223,2018/8/5,57681,1893,,
38,966,358,88,270,87,339,2018/8/6,70285,2071,,
39,946,305,73,232,45,242,2018/8/7,68319,1928,,
40,913,394,77,317,60,230,2018/8/8,72322,1948,,
41,893,304,65,239,68,209,2018/8/9,67075,1859,,
42,895,383,93,290,69,261,2018/8/10,69913,1950,,
43,918,415,145,270,66,238,2018/8/11,62032,1899,,
44,901,386,131,255,62,301,2018/8/12,69010,1795,,
45,908,423,159,264,89,296,2018/8/13,71188,1780,,
46,926,314,83,231,53,499,2018/8/14,71638,2021,,
47,970,387,136,251,57,378,2018/8/15,75299,1950,,
48,968,432,136,296,95,261,2018/8/16,81827,1932,,
49,940,467,131,336,82,236,2018/8/17,80323,1787,,
50,938,629,295,334,78,261,2018/8/18,74288,1866,,
51,936,441,214,227,57,248,2018/8/19,65511,1823,,
52,970,638,243,395,98,272,2018/8/20,77645,1965,,
53,939,435,188,247,90,225,2018/8/21,69379,1882,,
54,1008,461,163,298,78,245,2018/8/22,67765,1907,,
55,996,481,150,331,72,252,2018/8/23,73616,1896,,
56,977,433,117,316,67,249,2018/8/24,69781,1902,,
57,943,365,96,269,63,372,2018/8/25,68183,1980,,
58,974,455,121,334,42,398,2018/8/26,71063,2157,,
59,934,416,74,342,71,199,2018/8/27,67969,1888,,
60,945,457,95,362,72,176,2018/8/28,62496,1799,,
61,933,467,114,353,85,153,2018/8/29,71480,1775,,
62,1065,507,176,331,92,703,2018/8/30,90627,2448,,
63,1097,413,109,304,83,381,2018/8/31,85624,2275,,
64,1035,358,82,276,90,252,2018/9/1,73769,2035,,
65,991,428,142,286,83,207,2018/9/2,72139,2002,,
66,1038,536,111,425,109,247,2018/9/3,82750,2080,,
67,991,381,88,293,101,193,2018/9/4,70620,1923,,
68,997,347,74,273,98,168,2018/9/5,73007,1796,,
69,1030,542,180,362,110,368,2018/9/6,87669,2513,,
70,1200,389,93,296,74,1089,2018/9/7,88006,3259,,
71,1149,304,90,214,57,572,2018/9/8,75682,2666,,
72,1106,382,91,291,105,381,2018/9/9,95658,2489,,
73,1103,337,90,247,63,326,2018/9/10,86708,2403,,
74,1064,281,73,208,47,312,2018/9/11,69551,2237,,
75,1013,263,67,196,70,260,2018/9/12,68264,2566,,
76,1033,298,94,204,59,434,2018/9/13,69655,2655,,
77,1005,279,110,169,45,228,2018/9/14,70453,2218,,
78,1132,331,66,265,62,468,2018/9/15,81707,3675,,
79,1164,351,84,267,92,502,2018/9/16,92257,3218,,
80,1142,348,145,203,63,415,2018/9/17,87495,2847,,
81,1051,265,64,201,38,308,2018/9/18,72877,2307,,
82,1005,277,61,216,81,211,2018/9/19,72137,2176,,
83,1004,322,70,252,48,248,2018/9/20,69349,2255,,
84,1092,314,71,243,65,225,2018/9/21,73532,3448,,
85,1039,263,75,188,81,186,2018/9/22,70675,2737,,
86,1120,349,90,259,77,261,2018/9/23,93408,2641,,
87,1173,412,117,295,94,290,2018/9/24,104103,2726,,
88,1129,440,85,355,46,309,2018/9/25,94707,2788,,
89,1056,389,69,320,66,249,2018/9/26,78159,2431,,
90,1071,354,77,277,70,232,2018/9/27,74800,2294,,
91,1048,288,86,202,46,233,2018/9/28,67545,2215,,
92,1084,387,120,267,64,186,2018/9/29,79232,2264,,
93,1230,341,82,259,48,786,2018/9/30,113894,3254,,
94,1160,274,66,208,50,324,2018/10/1,83984,3297,,
95,1191,388,145,243,54,372,2018/10/2,96384,3234,,
96,1159,311,53,258,88,283,2018/10/3,96753,2803,,
97,1152,407,99,308,73,244,2018/10/4,93250,2756,,
98,1235,350,74,276,85,409,2018/10/5,102329,4116,,
99,1219,425,122,303,103,392,2018/10/6,103643,3448,,
100,1189,407,91,316,98,282,2018/10/7,103114,2816,,
101,1158,419,87,332,96,217,2018/10/8,90327,2599,,
102,1037,389,109,280,76,141,2018/10/9,73317,2227,,
103,1014,334,122,212,53,170,2018/10/10,69455,2234,,
104,1027,320,110,210,55,184,2018/10/11,72072,2200,,
105,1069,328,85,243,77,167,2018/10/12,78136,2305,,
106,1139,342,92,250,51,292,2018/10/13,84390,2480,,
107,1442,399,138,261,68,679,2018/10/14,128275,3157,,
108,1409,340,76,264,73,593,2018/10/15,122499,3836,,
109,1260,279,61,218,65,411,2018/10/16,94926,3353,,
110,1227,325,66,259,70,281,2018/10/17,87098,2922,,
111,1280,314,93,221,55,390,2018/10/18,96118,3034,,
112,1212,260,61,199,64,222,2018/10/19,81327,2954,,
113,1227,300,103,197,42,188,2018/10/20,80133,2872,,
114,1356,283,64,219,54,300,2018/10/21,107975,3352,,
115,1327,284,63,221,66,337,2018/10/22,101769,3312,,
116,1180,323,91,232,64,164,2018/10/23,72200,2720,,
117,1176,236,54,182,49,130,2018/10/24,70580,2588,,
118,1146,235,66,169,51,141,2018/10/25,65380,2527,,
119,1169,211,43,168,31,150,2018/10/26,66332,2567,,
120,1310,218,47,171,49,176,2018/10/27,78234,2935,,
121,1377,193,60,133,27,231,2018/10/28,88121,3133,,
122,1569,260,52,208,59,788,2018/10/29,103732,3758,,
123,1377,214,58,156,55,561,2018/10/30,86564,3433,,
124,1444,347,99,248,56,567,2018/10/31,105778,3535,,
125,1356,252,62,190,41,320,2018/11/1,85309,3152,,
126,1407,278,67,211,100,289,2018/11/2,94445,3855,,
127,1412,220,46,174,33,254,2018/11/3,91737,3384,,
128,1475,287,54,233,43,364,2018/11/4,114085,3779,,
129,1417,308,68,240,46,347,2018/11/5,102061,3441,,
130,1215,262,59,203,44,199,2018/11/6,75979,2766,,
131,1310,279,52,227,54,297,2018/11/7,78389,3058,,
132,1185,251,46,205,41,200,2018/11/8,74002,2694,,
133,1243,245,47,198,30,232,2018/11/9,78498,2854,,
134,1257,279,66,213,47,291,2018/11/10,90760,3125,,
135,1320,327,93,234,58,434,2018/11/11,103208,3593,,
136,1333,312,86,226,37,357,2018/11/12,97503,3314,,
137,1336,276,48,228,52,291,2018/11/13,86876,3231,,
138,1282,283,62,221,75,246,2018/11/14,85494,3104,,
139,1262,313,49,264,66,264,2018/11/15,88485,3283,,
140,1250,341,83,258,61,226,2018/11/16,85048,2953,,
141,1302,309,51,258,74,266,2018/11/17,85030,3252,,
142,1380,338,79,259,50,271,2018/11/18,106361,3471,,
143,1384,402,115,287,53,334,2018/11/19,105638,3544,,
144,1292,304,101,203,61,334,2018/11/20,84961,3145,,
145,1443,421,158,263,73,582,2018/11/21,100537,3901,,
146,1404,351,123,228,64,450,2018/11/22,95535,3548,,
147,1485,327,80,247,57,655,2018/11/23,111941,4230,,
148,1445,326,83,243,34,386,2018/11/24,110642,3620,,
149,1528,430,115,315,50,395,2018/11/25,131812,3953,,
150,1623,472,123,349,85,412,2018/11/26,137736,4089,,
151,1583,393,92,301,83,401,2018/11/27,120420,3722,,
152,1477,379,78,301,50,230,2018/11/28,109342,3415,,
153,1432,523,174,349,77,207,2018/11/29,115993,3380,,
154,1510,375,65,310,99,278,2018/11/30,121769,3618,,
155,1560,323,57,266,75,297,2018/12/1,127496,3816,,
156,1651,358,50,308,51,286,2018/12/2,151460,4091,,
157,1774,433,93,340,79,588,2018/12/3,156395,4482,,
158,1602,488,77,411,87,315,2018/12/4,135035,3677,,
159,1600,436,72,364,64,272,2018/12/5,133045,3627,,
160,1589,446,77,369,95,283,2018/12/6,128911,3671,,
161,1639,470,80,390,113,330,2018/12/7,138704,3931,,
162,1733,501,67,434,102,455,2018/12/8,147478,4565,,
163,1647,371,89,282,61,369,2018/12/9,145376,4220,,
164,1580,337,72,265,60,300,2018/12/10,142256,4356,,
165,1580,337,72,265,60,300,2018/12/11,142256,4356,,
166,1580,337,72,265,60,300,2018/12/12,142256,4356,,
167,1514,304,55,249,60,232,2018/12/13,139136,4493,,
168,1548,398,97,301,50,225,2018/12/14,105731,3608,,
169,1607,500,74,426,66,249,2018/12/15,124875,3918,,
170,1731,602,98,504,57,282,2018/12/16,166585,4349,,
171,1818,562,119,443,69,415,2018/12/17,168792,4926,,
172,1700,422,84,338,49,295,2018/12/18,131069,4284,,
173,1835,446,76,370,83,832,2018/12/19,155792,5122,,
174,1829,468,54,414,79,617,2018/12/20,156882,5362,,
175,1849,522,61,461,95,489,2018/12/21,155111,5226,,
176,1832,477,61,416,82,365,2018/12/22,153263,5105,,
177,1979,624,81,543,82,525,2018/12/23,199520,5864,,
178,1994,568,108,460,55,457,2018/12/24,186188,5302,,
179,1790,579,97,482,75,333,2018/12/25,148583,5229,,
180,1802,605,104,501,83,320,2018/12/26,153465,4795,,
181,1926,535,105,430,70,423,2018/12/27,156823,5052,,
182,1906,490,91,399,60,361,2018/12/28,151403,4838,,
183,1838,496,116,380,62,340,2018/12/29,149650,4892,,
184,1946,623,91,532,144,526,2018/12/30,170801,5773,,
185,2045,601,89,512,93,507,2018/12/31,186899,5838,,
186,1966,750,102,648,136,777,2019/1/1,199109,6259,,
187,2069,708,101,607,126,625,2019/1/2,204981,5797,,
188,1856,561,118,443,105,367,2019/1/3,153160,5246,,
189,1930,531,93,438,116,433,2019/1/4,159350,5497,,
190,1989,663,158,505,48,517,2019/1/5,164140,5934,,
191,2164,672,138,534,143,543,2019/1/6,202339,6426,,
192,2091,665,226,439,87,448,2019/1/7,189626,6087,,
193,1958,525,166,359,64,407,2019/1/8,145930,5439,,
194,1878,551,120,431,52,343,2019/1/9,147254,5256,,
195,1941,531,80,451,118,392,2019/1/10,160062,5615,,
196,1924,558,136,422,60,371,2019/1/11,160885,5703,,
197,2162,556,102,454,89,801,2019/1/12,168853,6291,,
198,2203,641,123,518,88,703,2019/1/13,201522,6924,,
199,2099,480,102,378,78,522,2019/1/14,101652,4316,,
200,1973,756,223,533,91,408,2019/1/15,159983,5749,,
201,1976,600,107,493,160,529,2019/1/16,159983,5749,,
202,1914,522,100,422,129,573,2019/1/17,159983,5749,,
203,1881,430,84,346,117,562,2019/1/18,159983,5749,,
204,2019,584,110,474,108,437,2019/1/20,159983,5749,,
205,2111,629,95,534,133,454,2019/1/21,166189,5825,,
206,1965,639,117,522,130,397,2019/1/22,156009,5727,,
207,2041,702,159,543,96,387,2019/1/23,164959,5779,,
208,1977,656,110,546,98,395,2019/1/24,160700,5378,,
209,2002,645,148,497,76,431,2019/1/25,161977,5509,,
210,2112,603,111,492,65,468,2019/1/26,173818,5664,,
211,2008,533,112,421,112,397,2019/1/27,175068,6018,,
212,2120,736,205,531,65,614,2019/1/28,195786,6623,,
213,2140,645,111,534,64,529,2019/1/29,191185,6751,,
214,2077,625,115,510,94,451,2019/1/30,177946,5997,,
215,2013,645,127,518,59,440,2019/1/31,182704,5701,,
216,2082,562,91,471,86,520,2019/2/1,166160,5909,,
217,1993,652,157,495,59,461,2019/2/2,181762,5688,,
218,2052,690,144,546,66,497,2019/2/3,177798,5915,,
219,2005,619,115,504,74,430,2019/2/4,166118,5963,,
220,1858,666,208,458,83,424,2019/2/5,153917,5352,,
221,2224,582,115,467,159,1098,2019/2/6,189156,6538,,
222,2035,466,76,390,90,691,2019/2/7,192379,6063,,
223,2016,506,133,373,66,507,2019/2/8,185090,5946,,
224,2061,531,133,398,62,608,2019/2/9,189060,6052,,
225,2264,658,122,536,97,672,2019/2/10,200704,6351,,
226,2254,663,112,551,93,583,2019/2/11,196201,6446,,
227,2213,677,108,569,91,610,2019/2/12,191947,6333,,
228,1866,499,101,398,43,512,2019/2/13,134651,5213,,
229,1842,490,121,369,77,392,2019/2/14,132781,5115,,
230,2013,533,111,422,124,372,2019/2/15,148390,5794,,
231,2080,648,132,516,74,427,2019/2/16,172745,5752,,
232,2024,582,123,459,64,495,2019/2/17,185324,6050,,
233,2117,499,119,380,60,676,2019/2/18,184271,6230,,
234,2018,761,215,546,96,467,2019/2/19,188933,5550,,
235,2599,807,145,662,104,1881,2019/2/19,232613,7280,,
236,2967,700,115,585,95,1952,2019/2/20,320399,8603,,
237,2505,673,157,516,69,986,2019/2/22,249173,7067,,
238,2192,676,154,522,88,678,2019/2/24,449916,9748,,
239,2214,689,115,574,104,544,2019/2/25,200073,5939,,
240,2165,631,109,522,82,462,2019/2/26,176498,5544,,
241,2061,539,110,429,87,408,2019/2/27,178582,5616,,
242,2111,517,107,410,106,362,2019/2/28,175422,5501,,7315
243,2027,711,165,546,110,358,2019/3/1,182057,5614,,
244,2066,663,146,517,77,418,2019/3/2,191810,5682,,
245,2148,680,157,523,122,446,2019/3/3,239242,4961,,
246,2230,698,169,529,167,474,2019/3/4,239242,4961,,
247,2101,616,89,527,112,355,2019/3/5,171254,5914,,
248,2172,614,112,502,98,334,2019/3/6,191581,6246,,
249,2243,611,135,477,84,313,2019/3/7,191581,6246,,
250,2044,667,117,550,106,313,2019/3/8,211822,6578,,
251,2146,752,190,562,122,371,2019/3/9,252296,6612,,
252,2410,778,171,607,128,485,2019/3/10,277818,7315,,
253,2410,778,171,607,128,485,2019/3/11,277818,7315,,
254,2410,778,171,607,128,485,2019/3/12,277818,7315,,
255,2410,778,171,607,128,485,2019/3/13,277818,7315,,
256,2410,778,171,607,128,485,2019/3/14,277818,7315,,
257,2674,803,152,651,134,599,2019/3/15,277818,7315,,
258,2758,805,139,666,131,654,2019/3/16,277818,7315,,
259,2842,807,126,681,128,709,2019/3/17,303340,8018,,
260,2817,917,136,781,141,614,2019/3/18,294732,7536,,
261,2546,733,151,582,116,588,2019/3/19,225194,6900,,
262,2657,661,125,536,127,530,2019/3/20,230371,7193,,
263,2583,780,156,624,161,466,2019/3/21,242872,7236,,
264,2653,746,113,633,98,441,2019/3/22,244348,7378,,
265,2686,733,108,625,102,439,2019/3/23,251224,7533,,
266,3099,828,174,654,163,729,2019/3/24,334262,8257,,
267,3009,1060,186,874,160,679,2019/3/25,323732,8595,,
268,2722,799,108,691,149,447,2019/3/26,239956,7042,,
269,2935,905,134,771,137,720,2019/3/27,270327,8221,,
270,3290,1101,158,943,187,1345,2019/3/28,335189,9492,,
271,3350,1074,184,890,126,1286,2019/3/29,341386,10103,,
272,3386,1330,404,926,166,948,2019/3/30,357512,9965,,
273,3553,1221,266,955,182,1194,2019/3/31,387241,10639,,
274,3553,1221,266,955,182,1194,2019/4/1,387241,10639,,
275,3603,1244,216,1028,234,1244,2019/4/2,387241,10639,,
276,3873,1234,260,974,202,1296,2019/4/3,416971,11313,,
277,3476,1192,210,982,230,682,2019/4/4,367166,10217,,
278,3739,1168,269,899,184,958,2019/4/5,404974,11129,,
279,4133,1263,257,1006,228,1276,2019/4/6,516249,12985,,
280,4040,1250,214,1036,224,1095,2019/4/7,521798,12501,,
281,4777,1530,309,1221,264,2432,2019/4/8,578426,15382,,
282,5490,1390,227,1163,211,3214,2019/4/9,647272,16657,,
283,5392,1951,292,1659,369,2308,2019/4/10,726066,17473,,
284,5664,2003,266,1737,322,3222,2019/4/11,673599,18679,,