thread_id,sexual_orientation
46,1
53,1
54,1
68,5
75,1
76,2
93,6
99,1
103,2
112,7
117,1
131,1
132,1
134,1
137,1
138,1
139,1
140,1
143,1
144,3
146,1
149,1
150,1
152,1
153,1
154,1
155,2
158,5
165,1
168,1
171,1
173,6
175,6
176,1
211,1
217,3
222,6
227,5
231,2
232,1
234,2
235,1
236,1
240,1
242,1
243,3
244,1
258,1
260,1
261,5
263,6
264,1
265,1
266,1
267,1
268,1
269,1
270,1
271,1
272,1
273,1
274,1
275,1
276,1
277,1
278,5
279,1
280,1
281,1
282,1
283,6
284,1
285,1
286,1
287,1
289,1
291,1
292,1
294,3
295,1
296,1
297,1
298,5
299,1
300,6
301,1
302,1
303,3
304,1
305,1
306,1
307,3
308,3
309,3
311,1
312,1
315,1
316,1
317,1
318,1
320,1
321,1
323,1
325,1
327,1
329,3
330,1
331,1
332,1
333,1
335,1
336,1
337,1
339,1
345,1
346,1
348,1
349,1
350,1
351,1
352,1
355,6
356,1
358,1
359,1
360,1
361,1
362,6
365,5
366,1
368,1
369,5
370,1
372,2
373,5
374,1
376,1
377,1
385,1
387,1
388,1
389,1
391,1
392,1
395,1
396,1
397,1
398,1
399,1
401,1
402,1
403,2
404,1
405,1
406,1
407,1
408,1
409,5
410,1
411,1
413,1
414,1
415,1
417,1
421,1
423,1
424,1
425,3
426,1
428,2
430,1
431,1
433,1
434,3
435,1
436,1
437,1
439,1
440,1
441,1
442,1
443,1
444,2
447,1
448,4
449,1
450,1
452,6
454,5
455,1
462,1
463,1
466,1
467,1
468,1
469,1
471,1
473,6
474,1
475,1
477,5
479,1
480,1
481,1
482,6
483,1
484,1
485,1
486,1
487,1
488,4
490,1
491,1
492,1
493,1
494,1
495,1
496,1
498,2
499,1
500,1
501,1
502,1
503,1
504,2
505,1
506,3
508,1
509,1
510,2
511,1
512,1
513,1
514,1
515,1
516,1
517,1
518,1
519,2
520,4
521,1
522,1
523,3
525,1
526,1
527,3
528,1
529,1
530,3
531,1
534,1
537,3
538,1
539,1
540,3
541,1
543,1
544,1
545,1
546,4
548,1
549,1
550,1
551,1
552,1
555,1
556,1
557,1
558,6
560,1
561,6
562,1
563,1
564,1
566,1
567,1
569,1
570,1
571,5
572,6
575,5
576,1
577,1
581,1
583,6
584,1
586,1
587,1
588,1
590,1
591,1
593,1
595,1
596,1
597,1
598,1
600,1
601,7
602,1
603,2
605,1
606,1
608,1
609,1
610,1
611,1
612,2
613,2
620,1
622,1
623,1
625,1
627,1
628,6
629,1
632,1
633,1
634,5
635,1
636,1
637,3
638,1
640,2
641,1
642,1
645,1
646,1
647,1
648,2
653,1
655,1
656,1
657,1
658,1
659,1
660,1
661,1
662,2
665,1
666,2
667,1
669,1
671,1
672,1
676,1
677,1
678,1
679,1
680,2
681,5
682,1
683,1
685,5
688,1
689,1
690,1
692,5
693,5
694,1
695,5
696,7
697,5
698,1
699,6
700,2
701,1
702,1
704,1
705,1
706,6
707,3
708,4
709,1
712,1
713,7
716,3
717,1
718,1
721,1
724,1
726,3
733,1
734,1
735,1
736,1
737,1
740,2
741,1
742,1
743,1
744,1
745,1
746,3
748,1
749,1
750,1
751,3
755,3
756,1
766,1
767,3
768,1
769,1
774,1
775,1
776,1
777,1
778,1
780,1
781,1
783,1
784,5
785,1
786,1
789,1
790,5
791,5
793,5
794,1
796,1
797,1
798,5
799,2
801,1
804,1
807,3
808,1
809,1
811,1
812,1
814,3
815,1
818,1
821,1
822,1
824,1
826,1
830,2
833,1
834,1
837,5
838,5
839,1
840,1
841,1
846,1
851,1
852,3
853,5
854,3
855,1
856,1
858,1
859,3
860,1
861,1
862,1
863,3
864,1
865,1
866,1
867,6
868,1
871,1
872,1
874,1
875,1
876,6
877,3
878,1
879,1
880,1
881,2
882,1
884,1
885,1
886,1
888,3
889,1
890,1
891,1
892,2
893,1
894,1
900,1
901,1
902,1
904,1
905,3
907,2
916,6
917,1
918,1
919,3
920,1
922,1
925,1
926,1
927,1
929,3
931,4
932,5
934,3
935,1
936,1
937,1
938,1
940,1
941,1
943,1
944,1
945,1
949,5
951,5
952,1
953,1
954,1
955,1
956,1
957,1
958,1
959,1
960,1
961,1
962,1
964,1
965,1
966,2
967,2
968,1
969,2
970,1
971,1
972,1
974,1
975,1
977,1
978,2
979,5
980,1
982,1
983,1
984,1
985,1
986,1
988,1
991,3
992,5
993,1
994,1
995,1
996,1
997,1
999,1
1001,2
1002,1
1003,1
1004,1
1005,1
1006,1
1007,1
1009,5
1010,1
1011,1
1012,1
1013,1
1016,1
1017,1
1018,1
1019,1
1020,1
1021,1
1022,1
1023,1
1024,1
1025,1
1026,1
1027,1
1028,1
1029,1
1030,1
1033,1
1035,1
1036,1
1037,1
1038,1
1039,1
1041,1
1044,1
1045,5
1046,1
1047,1
1048,1
1049,1
1050,1
1051,1
1052,1
1053,1
1054,1
1055,1
1056,1
1057,1
1058,1
1059,1
1060,1
1061,1
1062,2
1063,1
1064,1
1065,1
1066,1
1067,1
1068,1
1069,1
1071,1
1072,5
1073,1
1074,1
1076,6
1077,1
1080,1
1081,1
1082,1
1083,2
1084,1
1085,3
1087,1
1091,1
1092,1
1093,2
1094,1
1095,1
1096,2
1097,1
1098,3
1100,1
1101,1
1102,1
1106,7
1107,1
1108,1
1109,1
1111,1
1113,1
1114,1
1115,1
1116,1
1117,1
1118,1
1119,1
1120,1
1121,1
1122,1
1124,3
1125,1
1126,1
1129,1
1131,1
1133,1
1135,2
1136,2
1137,1
1138,3
1139,2
1140,1
1141,1
1142,1
1145,1
1146,1
1149,1
1151,1
1152,1
1153,1
1154,1
1155,1
1157,1
1158,1
1160,1
1161,1
1162,1
1163,1
1164,1
1165,1
1166,1
1167,1
1168,1
1170,6
1172,6
1173,6
1174,1
1175,6
1177,1
1178,1
1179,1
1180,1
1181,1
1182,1
1183,1
1184,1
1185,1
1186,1
1187,1
1188,1
1189,1
1190,1
1191,1
1192,1
1193,1
1194,1
1195,1
1196,6
1197,3
1198,1
1201,1
1202,1
1203,1
1204,1
1205,2
1206,1
1207,1
1208,1
1209,1
1210,2
1211,1
1212,1
1213,1
1214,1
1215,1
1217,1
1218,1
1219,1
1222,1
1223,1
1224,1
1225,1
1226,5
1227,1
1228,1
1229,5
1230,1
1233,1
1234,1
1236,3
1237,1
1238,1
1239,1
1241,1
1242,6
1243,1
1244,1
1245,6
1246,1
1247,1
1248,1
1249,5
1250,1
1251,1
1252,6
1253,1
1254,1
1255,2
1256,1
1257,1
1259,1
1260,1
1261,1
1263,1
1264,1
1265,1
1267,1
1269,1
1270,1
1272,1
1273,2
1274,1
1276,1
1278,1
1279,1
1280,1
1281,5
1282,1
1283,1
1284,1
1285,1
1286,1
1287,1
1288,3
1289,5
1291,1
1292,1
1296,2
1297,2
1300,1
1302,1
1304,1
1305,1
1306,5
1307,5
1308,3
1311,3
1313,2
1314,1
1315,1
1316,3
1317,1
1318,3
1319,1
1320,1
1321,1
1322,2
1325,3
1326,1
1327,1
1329,5
1330,2
1331,1
1332,6
1333,1
1334,1
1335,1
1336,1
1338,1
1339,1
1340,1
1341,1
1342,1
1343,1
1344,1
1345,3
1346,1
1347,1
1348,1
1349,3
1350,1
1352,1
1353,1
1356,1
1357,3
1359,1
1360,1
1361,1
1362,6
1363,1
1366,1
1367,1
1368,6
1369,1
1371,1
1374,1
1375,1
1377,2
1378,1
1383,3
1390,1
1392,3
1393,1
1394,3
1395,1
1396,1
1397,3
1398,1
1399,1
1400,1
1401,1
1402,5
1403,3
1404,3
1405,1
1406,1
1407,1
1408,1
1409,1
1410,1
1411,1
1412,5
1413,5
1414,1
1415,6
1416,1
1417,1
1418,1
1419,1
1421,1
1422,1
1423,1
1424,1
1428,3
1429,3
1430,6
1431,5
1432,3
1433,3
1434,1
1435,1
1436,1
1439,3
1446,1
1449,5
1450,1
1451,1
1453,6
1456,1
1457,6
1458,1
1459,1
1460,1
1462,1
1464,1
1465,1
1466,1
1468,6
1469,1
1470,1
1471,5
1472,7
1474,1
1475,1
1476,3
1478,1
1480,1
1482,1
1483,1
1484,1
1485,1
1490,1
1491,1
1492,1
1493,1
1494,5
1500,1
1501,1
1503,1
1504,1
1505,3
1507,1
1508,1
1509,1
1510,5
1511,1
1512,1
1513,2
1515,1
1516,3
1517,1
1520,1
1521,1
1523,1
1525,1
1526,1
1527,1
1531,1
1532,2
1539,1
1540,1
1541,1
1542,1
1543,1
1544,2
1545,3
1546,3
1547,3
1548,3
1549,2
1551,6
1552,1
1553,5
1557,3
1558,1
1559,1
1560,1
1561,1
1562,1
1563,1
1564,6
1565,1
1568,1
1570,3
1572,1
1575,1
1576,5
1577,1
1578,1
1579,1
1580,1
1581,1
1582,1
1583,1
1584,1
1585,1
1586,1
1587,1
1588,5
1596,3
1597,1
1598,1
1599,1
1600,2
1601,2
1602,5
1604,1
1607,1
1608,2
1609,1
1610,5
1611,1
1612,2
1613,1
1614,1
1615,2
1616,1
1617,1
1619,5
1622,5
1623,1
1624,2
1625,1
1626,1
1629,1
1631,1
1633,3
1634,1
1636,1
1637,1
1638,5
1639,1
1640,1
1642,1
1643,1
1647,1
1649,1
1651,1
1652,1
1653,7
1656,3
1658,1
1660,1
1661,3
1663,1
1664,1
1666,1
1668,1
1670,1
1674,1
1675,6
1676,1
1677,1
1678,1
1679,1
1680,1
1681,1
1682,2
1683,5
1685,1
1686,3
1688,3
1689,5
1690,1
1691,1
1692,1
1693,1
1694,5
1695,6
1696,1
1698,1
1699,5
1700,1
1701,1
1702,1
1703,1
1704,1
1705,1
1706,5
1707,1
1708,1
1709,1
1712,1
1713,1
1715,1
1718,1
1719,1
1720,1
1721,1
1722,1
1723,1
1724,1
1725,1
1726,1
1727,1
1728,1
1729,1
1730,1
1731,1
1733,1
1736,1
1737,1
1738,1
1740,1
1741,1
1742,1
1743,1
1745,1
1746,1
1747,1
1750,1
1751,1
1752,1
1753,6
1754,1
1755,1
1756,1
1758,1
1759,3
1762,1
1763,1
1765,1
1770,1
1772,1
1774,3
1775,6
1778,2
1780,1
1784,1
1785,1
1788,1
1789,1
1791,1
1792,1
1793,1
1794,6
1795,1
1797,1
1798,1
1799,1
1800,1
1801,1
1804,1
1805,1
1806,1
1807,1
1808,1
1809,1
1810,1
1811,1
1812,1
1813,1
1814,1
1815,1
1817,1
1819,1
1821,1
1822,5
1823,1
1825,1
1827,1
1828,1
1829,1
1832,1
1833,1
1835,1
1836,5
1839,1
1840,1
1841,1
1845,1
1846,1
1847,2
1848,5
1849,1
1850,1
1852,1
1853,5
1856,6
1858,1
1859,1
1860,1
1861,1
1864,1
1865,3
1867,1
1868,2
1870,1
1873,1
1874,1
1875,1
1876,2
1878,6
1879,1
1880,1
1881,1
1882,1
1883,1
1885,1
1886,1
1888,1
1889,1
1890,2
1892,1
1893,6
1897,1
1898,1
1899,1
1900,1
1901,6
1903,6
1904,1
1906,5
1907,1
1911,1
1912,1
1913,1
1914,1
1915,3
1917,1
1918,1
1919,1
1921,7
1923,1
1924,5
1925,1
1926,1
1927,1
1928,1
1929,1
1930,1
1932,1
1935,6
1936,1
1938,1
1939,1
1942,1
1943,1
1945,1
1946,1
1948,1
1950,1
1951,1
1953,6
1955,1
1956,6
1957,1
1958,5
1959,1
1960,1
1964,1
1965,1
1967,6
1968,1
1969,1
1970,1
1971,1
1972,1
1974,1
1975,1
1976,1
1977,1
1979,1
1980,1
1981,3
1982,7
1984,1
1985,1
1986,1
1987,5
1988,1
1990,1
1992,1
1993,1
1994,1
1995,1
1996,1
1997,4
1998,5
2000,5
2001,1
2002,1
2003,1
2004,1
2005,1
2006,5
2007,1
2008,1
2009,5
2010,1
2011,1
2012,5
2013,5
2014,1
2015,1
2019,1
2020,5
2021,1
2022,1
2023,1
2024,1
2025,1
2027,1
2032,1
2034,1
2037,1
2038,1
2039,1
2040,5
2043,2
2044,3
2046,1
2048,1
2049,1
2050,1
2055,1
2056,1
2057,1
2058,1
2061,1
2062,1
2063,3
2065,1
2066,1
2067,1
2068,1
2069,5
2070,1
2071,1
2072,1
2074,1
2075,1
2077,1
2078,1
2079,1
2080,4
2081,1
2082,1
2083,1
2085,1
2086,5
2087,1
2088,1
2089,1
2090,1
2091,1
2092,2
2093,2
2094,2
2095,1
2096,3
2097,3
2098,3
2100,1
2101,1
2102,1
2103,1
2104,3
2106,1
2107,3
2109,1
2110,1
2111,1
2112,6
2113,1
2115,1
2116,3
2118,6
2124,1
2125,1
2126,1
2128,3
2129,2
2132,3
2134,6
2135,1
2137,6
2138,2
2139,1
2140,1
2147,1
2149,1
2154,1
2157,6
2158,1
2161,1
2162,1
2166,1
2168,1
2170,1
2172,1
2173,1
2174,1
2176,1
2177,1
2178,1
2179,1
2180,1
2181,1
2182,1
2183,1
2184,1
2185,1
2186,1
2187,1
2188,1
2190,1
2191,3
2192,1
2193,6
2194,3
2198,1
2199,1
2200,7
2201,1
2202,1
2205,1
2206,2
2207,1
2210,2
2211,1
2212,1
2214,3
2215,1
2216,1
2217,1
2218,1
2219,6
2220,1
2222,1
2225,1
2226,1
2228,1
2230,1
2231,1
2233,1
2234,5
2235,1
2236,6
2238,5
2239,2
2240,2
2241,1
2242,3
2243,5
2244,3
2246,1
2247,1
2250,1
2251,1
2252,5
2254,6
2255,7
2257,1
2258,1
2260,1
2261,1
2262,1
2263,1
2265,1
2266,1
2267,1
2268,1
2271,1
2272,1
2273,1
2275,1
2276,1
2278,1
2279,3
2281,1
2282,1
2283,1
2284,1
2285,1
2286,1
2288,1
2289,1
2290,1
2291,1
2293,1
2294,1
2295,1
2296,1
2297,1
2298,1
2300,1
2303,1
2304,1
2309,1
2310,1
2312,2
2313,2
2314,2
2315,2
2316,2
2317,1
2319,1
2320,2
2321,2
2322,1
2325,1
2326,1
2327,1
2328,1
2330,1
2331,1
2333,1
2335,1
2336,1
2337,1
2338,1
2340,1
2343,1
2344,1
2345,1
2347,6
2348,1
2349,2
2350,2
2351,2
2352,2
2353,1
2354,2
2355,2
2358,6
2361,1
2363,1
2365,1
2366,1
2367,1
2369,1
2370,1
2374,1
2375,5
2382,1
2383,1
2386,1
2387,1
2389,1
2390,3
2391,1
2392,1
2396,1
2398,1
2399,1
2400,1
2401,1
2402,5
2403,1
2404,1
2405,1
2406,1
2407,1
2408,1
2409,1
2410,6
2412,1
2415,1
2416,1
2418,1
2420,1
2424,1
2427,1
2428,1
2429,2
2431,1
2433,1
2436,1
2441,1
2442,1
2451,1
2452,1
2455,5
2456,4
2457,1
2458,1
2459,1
2460,1
2462,1
2463,1
2464,1
2465,1
2466,1
2467,1
2468,5
2469,3
2474,1
2475,1
2478,1
2479,1
2480,1
2481,1
2483,3
2485,1
2486,2
2487,1
2488,3
2489,1
2490,1
2492,1
2494,1
2495,1
2496,1
2497,1
2500,1
2502,1
2504,1
2505,1
2506,3
2507,1
2508,1
2510,1
2511,1
2512,1
2517,1
2521,1
2522,1
2524,1
2525,1
2526,1
2527,5
2528,1
2529,1
2530,1
2531,3
2532,1
2533,6
2534,1
2536,1
2537,1
2539,1
2541,1
2542,1
2543,1
2544,3
2545,3
2546,1
2547,1
2548,1
2549,1
2550,1
2553,1
2555,1
2558,1
2559,1
2560,1
2564,1
2565,4
2566,5
2569,1
2570,1
2571,1
2572,1
2574,1
2580,1
2581,1
2583,1
2584,1
2588,4
2589,1
2592,1
2594,1
2596,6
2597,3
2598,1
2599,3
2603,3
2604,6
2605,1
2606,1
2609,1
2610,1
2611,1
2612,1
2617,1
2618,5
2619,1
2622,1
2623,2
2625,5
2626,1
2627,6
2628,1
2629,1
2630,1
2631,1
2632,1
2633,1
2634,1
2636,4
2637,1
2644,1
2645,1
2647,1
2650,3
2651,1
2652,1
2654,2
2656,1
2658,1
2661,1
2663,5
2666,3
2669,1
2672,2
2673,3
2674,1
2675,1
2676,1
2677,1
2678,1
2679,1
2680,1
2681,1
2682,1
2684,1
2685,1
2687,1
2689,5
2690,1
2691,1
2692,2
2693,2
2695,5
2696,3
2697,6
2699,1
2700,1
2701,1
2702,1
2703,1
2706,1
2707,1
2708,1
2709,1
2710,1
2711,1
2712,3
2714,1
2715,1
2718,1
2719,1
2722,6
2724,1
2725,1
2727,4
2728,6
2732,1
2733,2
2734,1
2735,1
2736,1
2738,6
2740,1
2741,1
2743,6
2746,1
2747,5
2748,1
2750,1
2751,1
2752,1
2753,5
2755,3
2756,1
2757,1
2759,1
2761,1
2762,5
2763,1
2764,1
2765,1
2766,1
2767,3
2769,1
2770,2
2774,2
2775,1
2778,1
2779,1
2781,6
2784,1
2785,1
2786,5
2787,3
2788,1
2789,1
2790,1
2791,1
2793,1
2794,4
2796,1
2797,5
2798,1
2800,1
2802,2
2803,3
2804,1
2806,2
2808,1
2809,1
2810,1
2811,1
2812,1
2816,1
2818,1
2819,1
2820,6
2822,1
2824,1
2825,1
2826,5
2828,1
2829,1
2833,1
2834,1
2835,1
2836,1
2837,5
2840,1
2841,1
2843,1
2844,1
2845,1
2846,1
2847,1
2848,1
2849,1
2850,1
2851,3
2852,1
2853,1
2854,1
2858,1
2859,1
2860,4
2862,1
2866,1
2868,1
2870,1
2871,1
2875,1
2877,1
2879,1
2881,3
2884,1
2885,1
2886,3
2887,6
2889,1
2890,1
2891,1
2892,3
2893,1
2895,5
2896,1
2897,1
2898,1
2900,1
2901,1
2902,1
2903,1
2904,1
2906,1
2907,1
2908,1
2909,1
2910,1
2911,1
2913,1
2914,1
2915,1
2916,1
2917,1
2918,1
2919,5
2920,1
2921,1
2922,1
2923,4
2924,1
2925,2
2927,1
2928,1
2929,2
2930,3
2932,1
2934,1
2935,1
2936,1
2937,3
2938,1
2939,1
2940,1
2941,1
2942,6
2944,1
2947,1
2948,3
2949,1
2950,1
2951,1
2952,1
2953,1
2954,1
2955,1
2959,1
2960,1
2961,1
2962,1
2963,1
2964,1
2965,1
2966,1
2967,2
2968,1
2970,3
2973,1
2974,1
2976,1
2977,1
2979,5
2981,1
2983,1
2984,1
2985,1
2986,1
2987,1
2988,1
2989,1
2991,1
2993,5
2994,1
2996,1
2997,1
2999,1
3000,1
3001,1
3002,5
3003,1
3004,1
3005,3
3007,1
3008,4
3009,1
3010,1
3011,1
3012,1
3013,1
3015,1
3016,1
3017,1
3019,7
3020,2
3021,3
3022,1
3023,1
3028,1
3029,1
3030,1
3031,1
3032,1
3033,4
3034,1
3035,5
3036,5
3037,1
3041,1
3042,1
3043,1
3044,1
3045,1
3046,1
3047,1
3048,1
3049,6
3050,1
3051,1
3052,1
3053,1
3054,1
3055,1
3056,1
3059,1
3060,1
3061,1
3063,1
3064,1
3067,1
3068,3
3069,2
3071,2
3072,1
3073,1
3074,1
3075,3
3076,1
3077,1
3078,1
3079,5
3080,1
3081,5
3082,1
3083,1
3084,1
3085,6
3086,1
3087,1
3088,1
3090,5
3092,1
3093,1
3094,1
3095,6
3096,1
3103,1
3104,5
3108,1
3109,5
3110,1
3112,4
3113,1
3114,1
3115,1
3117,1
3118,1
3119,5
3124,1
3125,1
3127,1
3129,1
3130,1
3134,1
3136,1
3137,1
3139,7
3140,1
3141,1
3143,3
3144,1
3145,1
3146,5
3147,1
3148,1
3149,1
3151,1
3153,5
3154,3
3155,7
3157,1
3158,1
3161,3
3162,3
3163,5
3164,2
3166,1
3167,5
3168,1
3169,1
3171,1
3172,1
3173,1
3174,1
3175,3
3176,1
3177,1
3178,1
3179,1
3180,1
3184,1
3185,1
3186,1
3187,1
3188,1
3189,1
3190,1
3191,1
3192,1
3195,1
3196,1
3199,2
3200,1
3201,1
3205,3
3207,1
3208,1
3209,1
3210,1
3211,1
3213,1
3214,1
3216,1
3217,1
3218,1
3220,4
3221,4
3222,3
3223,3
3224,3
3226,1
3227,6
3228,1
3230,2
3231,2
3233,1
3235,1
3236,1
3238,1
3239,1
3240,1
3242,1
3243,3
3244,1
3246,1
3248,1
3249,1
3252,1
3253,6
3255,1
3256,6
3257,1
3258,1
3259,2
3260,1
3262,2
3263,1
3264,1
3265,1
3268,5
3269,6
3270,6
3272,1
3273,3
3274,1
3275,1
3276,1
3277,2
3280,2
3282,1
3284,6
3285,7
3289,1
3290,5
3291,7
3292,1
3293,1
3294,1
3296,1
3297,1
3298,1
3299,1
3301,1
3302,3
3303,1
3306,1
3307,1
3308,2
3309,1
3310,1
3311,1
3312,1
3314,1
3315,1
3317,1
3318,1
3319,1
3320,3
3321,5
3322,1
3324,6
3325,1
3326,6
3327,1
3329,1
3332,1
3334,1
3335,6
3336,1
3338,1
3340,1
3341,1
3342,1
3343,1
3344,1
3345,1
3350,1
3351,1
3354,2
3361,1
3362,1
3364,1
3366,1
3367,1
3368,1
3369,1
3370,1
3371,1
3372,1
3374,3
3379,1
3382,1
3383,1
3384,1
3387,1
3388,1
3390,1
3393,1
3394,1
3396,6
3397,6
3399,1
3400,1
3401,1
3402,7
3404,6
3405,6
3406,6
3407,6
3408,6
3409,6
3410,6
3411,1
3412,1
3413,5
3414,1
3415,1
3417,5
3419,1
3421,1
3422,1
3423,1
3424,6
3426,1
3427,4
3432,1
3433,1
3434,1
3435,1
3436,1
3437,1
3438,1
3439,1
3440,6
3441,1
3442,1
3444,3
3445,1
3448,1
3450,1
3453,1
3454,1
3455,2
3456,1
3457,1
3458,1
3460,1
3462,1
3464,3
3466,1
3467,6
3468,1
3469,1
3470,6
3471,1
3472,1
3475,1
3476,1
3477,3
3482,3
3483,3
3485,1
3487,1
3488,1
3489,1
3490,1
3491,1
3492,1
3494,1
3495,1
3499,1
3502,1
3503,4
3504,1
3505,1
3506,1
3507,1
3508,1
3510,1
3511,1
3513,1
3514,1
3516,3
3517,1
3518,5
3519,5
3520,5
3521,1
3522,2
3523,6
3524,1
3525,1
3526,2
3528,5
3530,1
3532,1
3533,1
3534,1
3538,2
3539,7
3540,1
3541,1
3542,1
3543,1
3544,1
3545,1
3546,1
3547,1
3548,3
3550,1
3552,5
3553,1
3554,1
3556,1
3557,1
3558,1
3559,1
3560,1
3561,1
3563,3
3564,6
3566,3
3567,3
3568,1
3571,1
3573,1
3574,1
3575,1
3576,1
3578,1
3579,1
3582,1
3585,1
3586,1
3587,1
3588,1
3590,1
3591,1
3592,6
3593,3
3595,1
3596,1
3597,1
3599,1
3600,2
3601,1
3602,1
3603,1
3605,1
3606,1
3608,1
3609,1
3610,1
3611,1
3612,1
3613,1
3616,1
3618,5
3619,2
3620,1
3621,1
3622,1
3623,1
3624,1
3625,6
3626,1
3627,1
3628,1
3629,1
3630,6
3631,1
3633,2
3637,6
3639,1
3642,6
3643,5
3647,5
3653,1
3655,6
3656,3
3657,1
3658,3
3659,1
3660,1
3661,1
3662,1
3663,6
3664,1
3666,1
3667,3
3669,1
3670,6
3671,6
3672,6
3673,1
3674,1
3675,1
3676,1
3677,1
3678,1
3679,1
3681,1
3682,1
3684,1
3685,1
3686,1
3687,1
3688,1
3689,2
3690,1
3691,3
3692,1
3693,1
3694,3
3698,1
3700,1
3701,1
3702,1
3707,1
3710,1
3712,6
3713,1
3715,1
3716,1
3717,5
3719,1
3721,1
3722,1
3723,1
3724,3
3725,5
3730,1
3731,1
3732,1
3733,1
3734,1
3735,1
3737,3
3739,1
3741,3
3743,1
3744,1
3745,1
3746,7
3747,1
3748,1
3749,1
3750,1
3751,1
3753,5
3755,3
3758,1
3759,1
3760,1
3761,1
3763,1
3764,1
3765,1
3766,1
3768,1
3769,1
3770,1
3771,1
3772,1
3773,1
3774,2
3775,6
3776,3
3777,1
3780,1
3781,1
3785,1
3786,3
3787,1
3788,1
3790,4
3792,6
3793,1
3796,3
3798,1
3802,2
3803,1
3805,1
3806,1
3807,1
3809,5
3810,1
3812,1
3813,5
3814,1
3815,1
3816,1
3817,1
3819,1
3820,1
3821,4
3822,1
3823,6
3827,1
3828,1
3829,1
3830,1
3833,1
3835,6
3836,1
3837,1
3838,1
3840,7
3841,1
3842,2
3843,1
3844,6
3845,1
3846,6
3847,1
3850,1
3851,2
3852,1
3853,5
3854,1
3856,3
3857,1
3859,1
3860,1
3861,1
3862,1
3864,1
3867,1
3870,1
3871,1
3872,1
3873,1
3874,1
3875,1
3879,1
3880,5
3881,5
3882,1
3884,5
3885,5
3886,1
3888,1
3889,1
3890,3
3891,3
3892,5
3894,5
3897,1
3899,1
3900,1
3901,5
3902,1
3904,1
3907,3
3908,1
3909,1
3910,1
3911,1
3912,2
3913,1
3915,2
3917,1
3918,1
3919,1
3920,1
3922,1
3924,1
3925,1
3927,1
3931,1
3932,3
3933,3
3934,1
3935,1
3936,1
3937,1
3938,1
3939,5
3944,4
3946,1
3948,1
3949,1
3950,1
3951,3
3952,5
3953,1
3954,1
3955,1
3956,1
3957,1
3958,5
3959,1
3960,1
3961,1
3962,1
3963,1
3964,1
3965,1
3967,5
3968,5
3970,5
3971,1
3973,1
3974,1
3976,1
3977,1
3978,5
3980,1
3981,1
3982,1
3983,1
3984,1
3985,1
3986,1
3987,1
3988,1
3989,1
3990,1
3991,1
3992,1
3993,1
3994,1
3995,1
3996,1
3997,1
3998,1
3999,1
4000,1
4001,1
4002,1
4003,1
4004,5
4005,1
4006,1
4008,1
4009,1
4010,1
4011,1
4014,1
4015,1
4017,1
4019,6
4021,1
4024,1
4025,1
4026,1
4027,1
4028,1
4029,1
4031,1
4033,1
4034,1
4035,1
4036,1
4037,1
4039,1
4040,1
4041,1
4042,1
4043,1
4044,1
4045,1
4046,1
4047,1
4048,1
4051,1
4052,1
4053,1
4054,1
4055,1
4056,1
4057,1
4058,1
4060,1
4061,1
4062,1
4063,1
4064,1
4066,1
4068,1
4070,7
4072,1
4074,1
4076,1
4077,1
4078,1
4079,5
4080,1
4082,1
4083,1
4084,1
4085,1
4086,1
4087,6
4088,1
4090,2
4091,1
4095,1
4096,5
4097,1
4098,5
4101,7
4102,1
4103,1
4104,1
4105,1
4106,1
4107,1
4108,1
4109,1
4110,1
4111,1
4112,1
4113,5
4114,1
4115,1
4116,3
4117,7
4118,2
4120,1
4122,1
4124,1
4126,1
4127,1
4131,1
4132,1
4133,1
4135,1
4137,1
4138,1
4139,1
4140,1
4144,1
4148,1
4151,1
4152,1
4153,1
4154,1
4155,1
4156,1
4157,1
4158,3
4159,1
4160,1
4161,1
4162,3
4163,1
4164,3
4166,1
4167,1
4168,1
4169,1
4170,1
4172,1
4174,1
4175,6
4177,1
4178,1
4180,1
4181,1
4182,1
4183,5
4184,1
4185,3
4186,1
4187,5
4188,6
4190,6
4191,1
4192,1
4195,5
4196,6
4201,4
4202,5
4204,1
4205,1
4206,1
4207,1
4208,1
4209,1
4210,1
4211,3
4212,3
4213,1
4214,3
4215,1
4216,5
4217,1
4220,1
4221,1
4223,1
4225,6
4227,1
4228,1
4229,1
4231,1
4233,6
4234,1
4237,1
4238,1
4242,3
4243,6
4244,3
4251,1
4252,1
4253,3
4254,5
4257,3
4258,3
4259,3
4260,1
4261,1
4262,1
4263,1
4264,1
4265,5
4266,5
4267,1
4268,1
4269,1
4270,2
4273,1
4274,1
4275,1
4277,5
4278,5
4279,1
4280,1
4281,1
4287,1
4288,1
4289,1
4291,2
4295,5
4296,1
4297,6
4298,3
4299,6
4300,1
4304,1
4307,1
4308,7
4309,5
4312,1
4313,1
4314,1
4315,1
4316,1
4318,1
4319,1
4320,1
4321,1
4322,1
4323,2
4324,1
4325,1
4326,1
4327,1
4328,1
4329,1
4330,1
4331,1
4332,1
4333,1
4334,1
4335,3
4337,7
4339,1
4340,1
4341,1
4342,1
4344,6
4345,1
4346,1
4347,1
4348,1
4350,3
4351,1
4353,1
4354,1
4355,1
4356,2
4358,1
4362,1
4363,1
4364,1
4365,1
4366,6
4370,1
4371,1
4372,1
4373,1
4374,2
4377,1
4378,1
4379,1
4380,1
4381,1
4382,1
4383,1
4384,1
4387,3
4389,1
4390,1
4391,1
4392,1
4393,1
4394,3
4395,7
4398,1
4399,1
4400,1
4401,1
4402,1
4403,1
4405,1
4406,1
4407,1
4411,1
4416,1
4417,1
4418,1
4419,1
4420,1
4421,3
4422,6
4423,1
4424,1
4425,1
4426,1
4427,1
4428,1
4429,1
4430,1
4433,1
4434,1
4435,1
4436,1
4437,1
4439,1
4440,1
4441,1
4442,1
4443,1
4444,1
4445,1
4447,5
4448,3
4449,1
4450,1
4451,3
4453,1
4455,1
4456,1
4458,1
4459,1
4460,1
4461,1
4462,1
4463,1
4464,1
4465,2
4466,1
4467,1
4469,1
4470,1
4471,1
4472,3
4476,1
4477,1
4478,1
4479,1
4480,1
4481,1
4482,1
4483,1
4484,1
4485,1
4486,1
4487,1
4488,1
4489,1
4490,1
4491,1
4492,1
4493,1
4494,1
4495,6
4496,1
4497,1
4498,1
4499,1
4500,2
4501,1
4502,1
4506,1
4507,3
4508,1
4509,1
4510,6
4513,1
4514,3
4516,1
4517,1
4518,1
4519,1
4521,1
4522,1
4523,1
4525,5
4526,1
4527,1
4528,1
4529,1
4530,1
4531,1
4533,5
4535,6
4538,1
4540,1
4541,1
4542,1
4543,1
4544,1
4545,1
4546,1
4547,1
4548,1
4549,1
4550,1
4551,1
4552,1
4553,1
4554,1
4555,1
4556,1
4557,1
4558,1
4559,1
4560,1
4561,1
4562,1
4563,1
4564,1
4565,1
4566,1
4567,1
4568,5
4569,1
4570,1
4571,1
4572,1
4573,1
4574,1
4575,1
4576,1
4577,1
4578,7
4579,5
4580,1
4581,1
4582,1
4583,1
4584,1
4586,1
4587,1
4588,1
4589,1
4590,1
4592,1
4593,1
4594,1
4595,6
4596,1
4597,1
4598,1
4599,1
4600,2
4601,1
4602,1
4603,1
4604,1
4606,1
4607,1
4608,1
4609,6
4614,1
4615,1
4616,1
4618,1
4619,1
4621,1
4622,1
4624,1
4625,1
4626,1
4627,1
4629,3
4630,6
4631,1
4632,3
4633,1
4635,1
4636,3
4638,6
4640,1
4641,4
4642,1
4643,1
4644,1
4645,1
4646,5
4648,1
4650,2
4651,1
4652,1
4654,1
4655,1
4656,1
4657,4
4658,4
4660,1
4661,6
4662,1
4663,1
4664,1
4665,2
4666,5
4667,1
4668,1
4669,1
4673,1
4674,1
4676,5
4677,3
4678,1
4680,1
4681,1
4682,1
4683,1
4684,3
4685,3
4687,1
4690,1
4691,1
4693,1
4694,1
4696,1
4697,1
4699,1
4701,1
4703,1
4707,1
4709,1
4710,1
4711,1
4712,6
4715,1
4716,7
4717,1
4718,1
4720,1
4722,1
4724,3
4725,4
4727,1
4730,5
4731,1
4733,1
4736,1
4737,1
4738,1
4739,1
4740,1
4741,1
4742,1
4743,3
4744,3
4746,1
4747,4
4748,3
4750,5
4751,1
4752,1
4753,3
4756,1
4757,7
4760,1
4761,1
4762,5
4763,1
4766,5
4767,1
4768,3
4771,3
4772,2
4773,1
4774,1
4775,1
4776,3
4778,1
4779,1
4782,1
4783,1
4784,1
4785,1
4786,1
4787,1
4789,1
4790,1
4792,1
4793,1
4794,1
4796,2
4797,6
4800,1
4803,1
4805,1
4808,1
4809,5
4810,1
4811,1
4812,1
4814,1
4815,1
4816,1
4818,2
4819,1
4820,1
4822,1
4823,1
4824,1
4825,1
4827,1
4828,1
4829,1
4830,1
4832,1
4833,1
4834,6
4835,2
4837,1
4838,1
4840,1
4843,3
4844,1
4845,3
4847,1
4849,1
4852,1
4855,5
4857,1
4858,1
4859,1
4860,2
4862,1
4863,6
4866,2
4867,1
4868,3
4869,1
4871,3
4872,1
4873,3
4874,1
4875,1
4876,3
4879,3
4880,1
4881,1
4883,1
4887,1
4888,1
4889,1
4890,3
4893,7
4894,1
4897,1
4898,3
4899,1
4901,2
4902,1
4904,1
4905,1
4907,3
4909,7
4911,1
4913,5
4914,1
4915,1
4916,5
4917,1
4919,1
4921,3
4922,1
4923,1
4924,1
4925,1
4927,1
4930,1
4932,1
4933,3
4934,3
4935,1
4936,3
4937,1
4938,1
4939,1
4940,1
4942,1
4944,1
4945,6
4949,1
4950,1
4952,1
4955,1
4956,1
4957,1
4958,1
4960,1
4961,1
4962,5
4963,1
4964,1
4968,1
4969,1
4970,1
4971,1
4973,1
4974,1
4975,1
4976,6
4977,3
4978,1
4980,3
4981,2
4983,1
4984,1
4985,1
4986,1
4987,1
4989,1
4990,1
4991,4
4992,1
4993,1
4994,1
4995,1
4998,1
4999,6
5006,1
5007,2
5008,6
5009,1
5010,1
5011,1
5012,1
5014,6
5015,1
5016,2
5017,1
5018,1
5019,1
5020,1
5021,1
5022,1
5023,1
5024,1
5025,1
5026,1
5028,1
5029,1
5031,5
5032,1
5033,5
5034,1
5035,1
5036,1
5037,2
5039,1
5041,1
5042,6
5043,3
5044,1
5046,1
5047,3
5048,3
5049,1
5050,2
5051,2
5053,1
5054,1
5055,1
5056,1
5059,6
5060,6
5061,1
5063,4
5064,6
5065,1
5066,1
5067,1
5068,1
5069,1
5071,2
5072,1
5074,1
5076,3
5078,1
5080,1
5083,1
5086,5
5088,5
5090,1
5091,1
5092,1
5094,1
5095,1
5096,1
5097,1
5098,1
5099,1
5101,1
5102,1
5104,1
5105,1
5108,1
5109,1
5110,1
5111,1
5112,2
5113,1
5115,1
5117,1
5118,1
5119,1
5120,1
5121,1
5122,1
5124,1
5125,3
5127,1
5129,1
5130,1
5131,3
5132,6
5133,3
5134,1
5138,1
5139,1
5140,1
5142,1
5143,1
5144,1
5145,1
5146,1
5148,1
5150,6
5151,1
5152,1
5153,1
5155,1
5156,1
5157,6
5158,3
5159,1
5160,2
5162,1
5163,1
5165,1
5166,5
5167,1
5168,1
5169,4
5170,1
5171,1
5172,1
5173,1
5174,1
5175,4
5177,1
5180,1
5182,1
5186,1
5188,1
5189,5
5190,1
5191,1
5193,1
5194,6
5198,4
5199,5
5201,6
5203,1
5204,1
5208,1
5209,1
5210,1
5212,1
5213,1
5214,3
5215,2
5216,1
5217,5
5220,1
5221,1
5223,1
5224,1
5225,1
5227,1
5228,1
5229,1
5230,1
5231,1
5232,1
5233,1
5234,1
5236,1
5237,5
5238,3
5239,3
5240,3
5242,3
5243,3
5244,1
5245,3
5246,3
5247,5
5248,5
5249,1
5250,1
5251,1
5252,1
5253,1
5255,1
5256,5
5257,1
5258,1
5260,1
5261,3
5262,1
5263,1
5265,1
5266,1
5268,1
5269,1
5270,1
5271,1
5272,1
5273,1
5274,1
5276,1
5278,4
5279,6
5280,1
5281,1
5283,1
5284,4
5285,6
5287,1
5288,1
5289,1
5290,5
5292,1
5294,1
5295,1
5297,1
5301,1
5302,5
5303,5
5304,5
5305,1
5307,3
5310,1
5311,5
5312,2
5313,1
5314,1
5315,2
5316,1
5317,1
5318,1
5319,1
5320,1
5321,1
5324,3
5325,3
5327,1
5329,7
5330,1
5331,5
5333,1
5335,1
5337,1
5338,1
5339,5
5340,1
5341,1
5346,1
5347,1
5349,1
5350,1
5351,1
5352,1
5353,1
5355,1
5356,5
5357,5
5358,1
5360,1
5362,1
5364,1
5366,1
5367,1
5368,1
5369,1
5370,1
5371,2
5373,5
5374,1
5375,1
5376,1
5377,1
5378,4
5379,1
5380,1
5382,1
5384,1
5385,1
5388,1
5392,1
5393,1
5394,1
5395,1
5396,1
5397,1
5399,1
5401,5
5402,1
5404,1
5406,1
5407,1
5409,1
5411,1
5412,1
5413,1
5414,1
5415,1
5416,1
5417,1
5419,1
5421,1
5422,1
5424,5
5426,2
5427,1
5428,1
5432,5
5433,1
5435,1
5437,1
5439,1
5440,1
5441,1
5442,1
5443,1
5444,1
5445,5
5446,1
5447,1
5448,1
5449,1
5450,1
5451,1
5452,1
5453,1
5454,5
5455,1
5456,1
5457,1
5458,5
5459,1
5460,1
5461,1
5462,1
5463,1
5464,1
5465,1
5466,1
5468,1
5469,1
5470,5
5474,7
5475,7
5477,1
5479,6
5481,1
5482,1
5483,1
5484,1
5485,1
5486,1
5487,6
5488,1
5489,3
5490,1
5491,1
5492,1
5493,1
5494,1
5495,4
5496,1
5497,2
5500,2
5501,1
5502,1
5504,1
5505,1
5506,1
5507,5
5509,3
5510,1
5512,1
5513,6
5516,1
5517,1
5518,1
5519,1
5520,1
5521,1
5522,1
5523,1
5524,1
5525,1
5526,1
5527,1
5528,1
5529,1
5530,1
5531,1
5532,1
5533,1
5534,6
5535,1
5536,5
5537,1
5538,1
5539,5
5540,3
5541,1
5542,1
5543,2
5544,1
5545,1
5546,1
5547,1
5550,7
5552,2
5553,1
5554,1
5557,3
5558,1
5559,1
5560,1
5562,1
5563,1
5565,5
5566,1
5567,6
5568,1
5569,1
5572,6
5573,1
5575,1
5578,1
5579,1
5582,1
5583,1
5585,1
5586,1
5587,1
5588,4
5589,1
5590,1
5592,1
5593,1
5594,1
5595,1
5597,1
5599,1
5602,5
5603,1
5604,3
5606,1
5608,5
5610,1
5611,1
5612,1
5613,1
5614,1
5615,1
5616,1
5617,7
5618,1
5619,6
5624,1
5626,1
5627,2
5628,2
5630,1
5633,1
5634,1
5635,1
5636,1
5637,1
5639,1
5640,1
5642,1
5644,1
5645,4
5647,1
5650,1
5652,3
5654,1
5655,1
5657,6
5658,6
5659,1
5661,1
5662,5
5663,1
5664,1
5666,1
5667,1
5669,6
5672,1
5673,1
5674,1
5676,1
5677,1
5678,1
5681,1
5682,5
5683,1
5684,1
5685,1
5686,1
5687,1
5688,1
5690,5
5692,1
5693,1
5695,1
5696,6
5697,6
5698,3
5699,1
5700,1
5701,5
5702,1
5704,1
5705,1
5706,1
5707,1
5709,1
5710,1
5711,1
5712,1
5713,1
5714,4
5715,1
5716,1
5717,1
5718,1
5719,1
5723,1
5725,1
5726,1
5727,1
5728,1
5729,5
5730,1
5731,3
5732,1
5733,1
5734,3
5735,1
5737,1
5740,7
5741,3
5742,1
5743,1
5744,1
5746,1
5747,1
5748,1
5750,1
5751,4
5752,1
5753,1
5755,1
5756,1
5757,1
5760,1
5761,1
5762,5
5764,1
5765,1
5766,1
5769,1
5771,1
5772,1
5773,1
5774,1
5775,1
5778,6
5779,1
5780,1
5781,1
5782,1
5783,1
5784,3
5786,1
5787,3
5788,7
5790,5
5791,7
5795,1
5796,1
5797,3
5798,1
5800,1
5801,1
5802,1
5804,1
5805,1
5806,1
5807,1
5808,6
5809,1
5811,5
5815,1
5816,1
5817,6
5819,6
5820,1
5824,1
5829,1
5832,1
5833,1
5834,1
5836,1
5837,5
5838,1
5839,3
5840,1
5843,1
5844,1
5845,1
5846,3
5847,5
5848,1
5850,2
5851,5
5852,5
5854,1
5855,1
5856,3
5857,1
5858,1
5860,2
5861,1
5862,1
5863,5
5864,1
5865,5
5867,1
5868,1
5869,1
5870,1
5871,1
5872,1
5873,7
5874,3
5875,1
5877,3
5878,2
5879,3
5881,1
5882,1
5883,1
5886,3
5887,1
5889,6
5890,1
5892,2
5893,1
5894,7
5895,1
5896,1
5897,1
5898,1
5899,1
5900,1
5901,1
5902,1
5903,1
5904,1
5905,1
5906,1
5907,1
5908,3
5909,1
5910,6
5911,1
5912,1
5913,1
5914,1
5915,6
5916,1
5917,1
5918,1
5919,1
5920,1
5921,5
5922,1
5923,1
5924,1
5925,1
5926,1
5927,1
5929,1
5930,1
5931,1
5932,1
5933,1
5934,1
5935,1
5937,1
5938,6
5939,6
5940,6
5941,6
5942,3
5943,1
5944,1
5945,1
5946,1
5947,1
5948,1
5949,1
5950,1
5951,1
5952,1
5953,1
5954,5
5956,1
5959,1
5960,1
5961,1
5964,1
5965,1
5966,1
5968,1
5969,5
5971,1
5972,5
5973,1
5974,1
5975,1
5977,1
5979,1
5980,1
5981,1
5982,6
5984,1
5985,1
5986,1
5987,1
5989,1
5990,1
5991,1
5993,1
5994,5
5995,5
5996,7
5997,1
5998,1
5999,1
6003,5
6005,1
6006,1
6007,1
6008,1
6009,1
6010,1
6011,1
6013,1
6014,1
6015,1
6016,1
6017,1
6019,1
6021,1
6023,6
6024,1
6025,1
6026,1
6027,1
6029,1
6030,1
6031,1
6032,1
6033,1
6034,1
6035,1
6036,1
6037,1
6038,1
6039,1
6042,3
6043,1
6044,1
6045,3
6046,1
6048,3
6050,1
6051,1
6053,1
6054,1
6056,1
6057,1
6058,1
6059,1
6060,1
6061,1
6062,1
6063,5
6065,5
6066,1
6068,1
6069,1
6070,1
6071,1
6072,1
6073,1
6075,1
6076,1
6077,1
6080,1
6081,1
6083,5
6084,1
6085,1
6086,2
6087,1
6088,1
6089,1
6090,1
6091,5
6093,3
6094,3
6095,3
6096,1
6097,1
6098,1
6099,1
6100,1
6101,1
6103,1
6104,2
6106,1
6108,1
6109,3
6110,1
6111,3
6112,1
6113,1
6115,1
6116,1
6118,1
6119,1
6120,4
6121,1
6122,1
6123,1
6124,1
6127,1
6129,1
6131,1
6134,1
6135,1
6136,1
6137,1
6138,5
6139,3
6140,2
6141,1
6142,2
6145,1
6146,1
6148,1
6149,1
6150,1
6151,1
6153,1
6154,1
6156,3
6157,1
6158,1
6159,1
6160,1
6161,1
6162,1
6163,1
6164,1
6166,1
6167,1
6169,2
6170,1
6171,1
6172,1
6174,1
6179,1
6180,1
6181,1
6182,4
6183,1
6184,1
6185,1
6186,1
6187,1
6188,1
6189,1
6190,2
6191,1
6192,5
6193,3
6194,1
6195,5
6196,1
6197,1
6198,7
6199,3
6200,1
6203,3
6204,1
6205,1
6208,1
6209,1
6211,6
6215,1
6217,1
6218,1
6219,1
6220,1
6221,1
6223,4
6224,3
6225,1
6226,1
6227,3
6228,1
6229,1
6233,1
6234,1
6235,1
6236,1
6238,1
6239,1
6241,1
6242,1
6245,1
6246,1
6248,1
6249,1
6250,1
6251,1
6252,3
6254,1
6255,6
6256,1
6257,1
6258,1
6259,1
6260,5
6261,1
6263,7
6264,1
6265,1
6266,1
6268,1
6269,1
6270,5
6271,1
6272,6
6273,1
6274,1
6275,1
6276,1
6277,1
6278,1
6279,3
6280,3
6281,6
6283,1
6284,5
6285,1
6287,1
6288,1
6289,1
6290,1
6291,1
6294,2
6295,1
6296,1
6299,1
6300,1
6301,1
6302,6
6303,1
6304,1
6306,1
6307,1
6308,1
6311,1
6312,1
6313,7
6314,1
6315,1
6316,1
6317,3
6319,1
6320,1
6322,1
6323,1
6324,1
6325,1
6326,2
6327,1
6328,1
6329,1
6330,1
6332,1
6333,1
6334,1
6336,3
6337,1
6338,1
6339,1
6340,1
6341,1
6342,1
6343,1
6344,2
6345,1
6346,1
6348,3
6349,1
6350,1
6351,3
6353,1
6354,1
6355,1
6356,7
6357,2
6358,5
6359,2
6360,1
6361,1
6362,1
6366,1
6367,1
6368,1
6369,1
6370,1
6371,3
6372,1
6373,1
6374,1
6375,1
6376,1
6377,1
6378,1
6379,3
6380,2
6381,1
6382,1
6383,1
6384,1
6387,6
6388,1
6390,3
6391,1
6392,1
6393,6
6395,1
6396,1
6397,1
6400,1
6401,1
6402,1
6403,6
6404,1
6406,3
6407,1
6408,1
6409,1
6410,1
6411,5
6412,1
6413,1
6414,1
6415,1
6418,1
6419,1
6420,1
6421,1
6423,1
6424,1
6425,5
6426,1
6427,1
6430,4
6431,1
6432,1
6433,1
6434,1
6436,5
6438,1
6439,1
6440,1
6445,1
6446,1
6447,1
6449,1
6451,1
6452,1
6453,1
6454,1
6455,1
6456,1
6457,1
6458,1
6459,1
6460,1
6461,1
6462,1
6463,1
6465,1
6466,1
6468,1
6469,1
6470,5
6472,1
6473,1
6474,1
6475,1
6476,1
6477,1
6478,2
6483,1
6486,1
6487,1
6488,1
6489,5
6490,1
6491,1
6492,1
6494,1
6495,1
6496,1
6497,1
6499,1
6500,1
6501,3
6502,1
6504,1
6506,1
6507,1
6508,1
6509,1
6510,1
6513,1
6514,1
6516,1
6517,1
6519,1
6522,1
6524,1
6525,1
6527,1
6529,4
6531,1
6532,1
6534,1
6535,1
6539,1
6540,1
6542,3
6543,1
6546,1
6547,1
6548,2
6549,1
6550,1
6551,1
6552,1
6553,1
6554,1
6555,1
6556,1
6559,1
6560,1
6561,3
6562,1
6563,1
6564,1
6565,1
6566,1
6567,1
6568,1
6569,7
6570,1
6572,5
6573,1
6574,1
6575,1
6577,3
6578,1
6579,1
6580,1
6581,5
6582,1
6583,1
6584,1
6585,1
6586,1
6587,1
6588,1
6589,1
6591,1
6592,1
6593,6
6595,1
6597,6
6599,6
6600,1
6601,1
6602,1
6603,1
6604,1
6605,1
6606,1
6607,1
6608,1
6609,2
6610,2
6611,1
6612,1
6613,5
6614,1
6615,1
6616,1
6618,5
6619,6
6620,1
6621,3
6622,5
6623,1
6625,1
6628,1
6629,5
6630,1
6631,1
6632,1
6633,1
6634,1
6635,3
6636,1
6637,1
6638,1
6639,4
6640,1
6641,1
6642,1
6643,2
6646,1
6647,1
6648,1
6649,1
6650,1
6653,1
6654,1
6656,5
6658,1
6659,2
6660,1
6662,1
6663,1
6664,1
6665,1
6666,1
6667,1
6668,1
6669,1
6670,1
6671,1
6672,1
6673,1
6675,1
6677,1
6678,1
6680,1
6681,6
6682,1
6684,7
6686,1
6687,1
6688,1
6689,3
6690,1
6691,1
6692,1
6693,1
6696,1
6698,1
6699,1
6700,1
6703,1
6704,1
6706,1
6709,1
6710,1
6713,1
6714,1
6715,1
6717,1
6718,1
6719,1
6720,1
6721,1
6722,1
6723,1
6724,1
6725,1
6728,1
6729,1
6730,1
6731,3
6732,1
6734,1
6735,1
6736,1
6739,1
6741,3
6742,1
6743,5
6744,1
6745,3
6747,1
6749,1
6750,6
6754,1
6755,1
6756,1
6757,1
6758,4
6759,1
6760,1
6761,1
6762,1
6764,1
6765,6
6766,1
6767,1
6768,1
6769,1
6770,1
6771,1
6772,1
6773,1
6774,1
6775,1
6776,1
6777,1
6778,1
6779,1
6780,1
6781,1
6782,1
6783,1
6784,1
6785,1
6786,1
6787,1
6788,1
6789,1
6790,1
6791,1
6793,6
6794,1
6795,1
6796,1
6797,1
6798,1
6799,1
6800,1
6801,1
6802,1
6803,1
6804,1
6805,1
6806,1
6807,1
6808,1
6809,1
6810,1
6811,1
6812,1
6813,1
6814,1
6815,1
6816,1
6817,1
6818,1
6819,3
6820,1
6821,3
6822,1
6823,1
6824,2
6825,1
6826,5
6828,1
6829,1
6831,1
6832,1
6833,1
6834,1
6836,1
6839,1
6841,3
6842,2
6843,1
6844,1
6845,1
6846,1
6848,6
6849,1
6852,1
6853,1
6854,3
6855,1
6856,1
6857,1
6858,1
6859,1
6860,1
6861,1
6862,1
6863,1
6864,1
6867,1
6868,2
6871,1
6872,1
6873,1
6874,1
6875,1
6876,1
6877,1
6878,1
6879,1
6880,1
6881,1
6882,6
6883,6
6884,3
6885,1
6886,1
6887,1
6888,1
6889,1
6891,1
6892,1
6893,1
6894,1
6895,2
6896,1
6897,5
6898,1
6900,1
6901,1
6902,1
6903,2
6904,6
6905,1
6906,5
6907,1
6908,1
6910,3
6911,6
6912,1
6914,7
6917,6
6918,3
6919,1
6920,1
6922,1
6923,7
6924,1
6925,5
6926,1
6928,1
6929,4
6930,1
6931,1
6932,1
6933,1
6934,1
6935,1
6936,1
6938,5
6939,1
6940,1
6941,1
6942,1
6943,1
6945,1
6946,6
6950,1
6951,1
6952,1
6953,1
6954,1
6955,1
6956,1
6957,1
6958,1
6960,1
6963,1
6964,1
6965,1
6966,1
6967,4
6968,4
6969,1
6970,1
6971,1
6972,6
6973,1
6975,1
6976,1
6978,1
6980,1
6981,1
6982,6
6983,2
6984,1
6985,1
6986,1
6987,5
6988,1
6989,1
6990,1
6991,1
6992,3
6993,1
6994,1
6995,5
6996,1
6998,1
6999,1
7000,1
7001,3
7002,1
7003,1
7004,1
7005,1
7007,1
7008,1
7009,1
7010,1
7011,1
7012,1
7013,3
7014,4
7015,1
7016,2
7018,1
7020,1
7021,1
7022,1
7023,1
7024,1
7025,1
7026,1
7027,6
7028,1
7029,1
7030,1
7031,1
7032,1
7033,1
7034,1
7035,1
7037,1
7038,1
7041,1
7042,1
7044,1
7045,1
7047,1
7049,1
7050,1
7052,5
7054,1
7055,7
7056,1
7057,1
7058,1
7061,1
7062,1
7063,1
7064,1
7065,1
7066,1
7067,1
7068,1
7069,5
7070,1
7071,3
7072,3
7073,5
7074,1
7075,1
7077,5
7078,1
7079,1
7080,1
7082,1
7084,1
7085,1
7086,1
7087,1
7088,1
7089,1
7090,1
7091,1
7092,1
7093,1
7094,1
7095,1
7097,1
7098,7
7099,6
7100,1
7101,1
7102,1
7103,1
7104,1
7105,1
7106,1
7107,1
7108,1
7109,1
7110,1
7112,1
7114,1
7115,1
7116,1
7118,1
7119,1
7120,1
7123,3
7124,6
7125,1
7126,1
7127,1
7128,7
7129,1
7130,1
7131,1
7132,5
7134,1
7135,1
7137,2
7138,1
7139,1
7140,7
7141,1
7142,3
7143,6
7144,1
7145,3
7146,1
7148,1
7151,6
7152,1
7153,3
7156,1
7157,1
7158,1
7159,1
7160,7
7161,1
7162,5
7163,1
7164,1
7165,3
7166,1
7167,2
7168,1
7169,1
7170,1
7171,1
7173,6
7174,1
7177,6
7179,3
7180,5
7181,5
7182,1
7183,4
7184,1
7185,3
7186,1
7187,1
7188,2
7189,6
7190,2
7192,1
7194,1
7196,1
7198,1
7199,1
7200,1
7201,1
7202,1
7203,1
7204,1
7208,1
7209,3
7210,1
7212,1
7213,1
7215,1
7216,3
7217,1
7218,1
7219,1
7220,1
7221,1
7222,1
7223,1
7224,6
7225,1
7227,1
7228,1
7229,1
7230,5
7231,1
7233,1
7234,1
7235,1
7236,1
7237,1
7238,1
7239,1
7242,1
7243,2
7244,1
7245,3
7246,4
7247,1
7248,1
7250,1
7251,5
7252,1
7256,1
7257,1
7258,1
7260,1
7261,2
7262,1
7263,1
7265,1
7267,1
7269,1
7270,1
7271,1
7272,5
7273,1
7274,2
7275,1
7277,1
7278,1
7279,7
7280,1
7281,1
7282,1
7283,1
7284,1
7287,1
7288,3
7289,1
7290,1
7291,1
7292,1
7293,1
7294,1
7295,1
7296,1
7297,4
7298,5
7299,1
7300,1
7301,1
7302,1
7303,1
7304,1
7305,1
7306,1
7307,1
7308,1
7309,1
7312,1
7313,1
7316,1
7318,4
7319,1
7320,1
7321,1
7322,1
7323,1
7324,1
7325,2
7326,2
7327,1
7329,4
7330,1
7332,1
7333,3
7334,6
7335,1
7338,1
7339,1
7340,1
7341,3
7342,1
7344,1
7345,1
7346,1
7348,1
7349,1
7351,1
7352,1
7355,5
7356,1
7357,1
7358,1
7359,1
7360,1
7361,1
7364,1
7368,1
7369,1
7370,1
7371,1
7372,1
7373,1
7374,1
7375,1
7376,5
7377,6
7378,1
7379,1
7381,3
7382,5
7383,1
7384,1
7385,1
7386,1
7387,7
7388,1
7389,1
7390,1
7391,1
7392,1
7393,1
7394,1
7395,1
7396,1
7397,1
7398,1
7399,1
7400,1
7402,1
7403,1
7405,1
7406,1
7407,1
7408,1
7409,1
7410,1
7411,1
7412,1
7413,1
7414,1
7417,1
7418,1
7419,5
7420,1
7421,1
7422,6
7424,1
7425,2
7427,7
7428,1
7429,1
7430,1
7433,1
7434,1
7435,1
7436,1
7437,1
7438,1
7439,1
7440,1
7441,1
7442,1
7443,1
7445,1
7446,1
7447,1
7448,1
7449,1
7450,1
7451,1
7452,1
7453,1
7455,3
7456,1
7457,1
7459,1
7460,1
7461,1
7462,1
7463,1
7464,1
7465,5
7466,1
7467,1
7469,1
7470,1
7471,1
7474,1
7476,1
7479,1
7480,1
7482,1
7486,1
7487,1
7488,1
7490,1
7492,1
7494,1
7496,1
7499,1
7500,1
7510,3
7512,1
7514,1
7515,4
7516,1
7517,1
7518,1
7519,1
7520,5
7521,1
7522,1
7525,1
7526,3
7527,6
7528,5
7529,1
7530,1
7531,1
7533,6
7534,4
7535,1
7536,1
7537,5
7539,1
7540,1
7541,1
7542,1
7543,3
7544,6
7545,1
7546,1
7548,1
7549,1
7550,1
7552,1
7553,1
7555,1
7557,1
7558,1
7559,1
7564,1
7565,2
7567,1
7569,5
7574,1
7576,6
7577,1
7579,1
7580,5
7581,1
7584,5
7585,1
7586,4
7588,1
7589,1
7592,1
7593,1
7594,1
7595,1
7596,1
7597,1
7598,1
7599,1
7600,1
7601,1
7602,3
7603,6
7605,1
7606,1
7607,1
7608,1
7609,1
7612,1
7613,5
7614,1
7615,1
7617,6
7618,1
7620,1
7622,1
7623,5
7624,1
7626,1
7627,1
7628,1
7630,1
7631,1
7632,1
7633,5
7634,1
7635,1
7636,1
7638,1
7639,2
7640,4
7641,1
7642,1
7643,1
7644,1
7645,1
7646,1
7647,1
7648,1
7649,1
7651,1
7652,6
7654,1
7655,1
7656,1
7657,1
7658,1
7659,5
7660,1
7661,6
7662,1
7663,1
7664,1
7666,1
7667,1
7668,1
7670,1
7671,6
7673,1
7674,3
7675,1
7676,1
7677,1
7680,1
7681,1
7682,1
7684,1
7685,1
7686,4
7687,1
7688,1
7690,1
7691,3
7692,3
7693,1
7694,1
7695,1
7697,1
7698,1
7699,6
7700,1
7701,1
7702,1
7703,1
7704,1
7705,2
7706,1
7707,1
7709,1
7710,5
7711,1
7713,3
7714,3
7716,1
7717,1
7718,1
7719,1
7721,1
7722,1
7723,1
7725,1
7726,1
7727,3
7729,1
7730,1
7731,1
7732,1
7733,6
7734,1
7738,1
7739,1
7740,1
7741,1
7743,1
7745,1
7746,1
7747,1
7748,1
7749,1
7750,1
7751,1
7752,6
7753,1
7754,1
7756,1
7757,1
7758,1
7759,1
7760,6
7761,1
7762,1
7763,1
7764,2
7765,1
7766,1
7768,1
7769,1
7770,1
7771,1
7774,1
7775,1
7776,1
7778,4
7779,1
7780,1
7781,1
7782,3
7783,1
7784,6
7785,1
7786,1
7787,3
7788,1
7790,1
7791,7
7792,1
7793,1
7794,1
7795,1
7796,7
7798,1
7799,1
7800,1
7801,1
7803,1
7804,1
7805,1
7807,1
7808,1
7809,3
7810,1
7811,6
7812,1
7813,1
7815,1
7816,1
7817,6
7818,5
7819,1
7820,1
7821,1
7822,3
7823,1
7824,1
7825,3
7826,2
7827,1
7828,1
7829,2
7830,1
7832,1
7833,1
7834,4
7836,1
7837,1
7838,1
7841,1
7842,1
7843,3
7844,7
7845,1
7846,1
7849,2
7850,1
7851,4
7852,1
7853,1
7855,1
7856,1
7857,6
7859,5
7860,1
7861,1
7862,1
7863,1
7864,1
7865,1
7866,1
7867,1
7868,1
7869,1
7870,5
7872,7
7875,1
7876,1
7877,1
7878,1
7879,1
7883,6
7884,3
7885,1
7886,1
7888,1
7889,1
7891,1
7893,3
7894,1
7896,1
7899,1
7900,1
7902,3
7903,1
7904,1
7905,1
7906,1
7907,1
7908,5
7910,1
7911,1
7912,3
7913,3
7914,1
7915,1
7916,1
7918,1
7919,1
7920,1
7921,1
7922,1
7925,1
7926,1
7927,1
7928,1
7929,1
7931,1
7933,4
7934,3
7935,1
7936,1
7937,7
7939,5
7940,1
7941,1
7942,1
7943,1
7945,1
7946,1
7948,1
7950,1
7951,1
7952,1
7960,3
7961,1
7962,2
7963,1
7964,1
7965,1
7967,1
7968,1
7969,1
7970,2
7971,6
7972,2
7973,1
7974,1
7976,1
7978,5
7980,1
7981,1
7982,1
7985,1
7990,1
7992,2
7994,7
7995,1
7996,1
7997,1
7998,3
8001,4
8002,3
8003,1
8004,1
8005,1
8006,1
8008,7
8009,3
8010,1
8011,1
8012,1
8014,1
8015,3
8016,1
8017,1
8018,1
8019,3
8020,1
8021,1
8022,1
8024,1
8025,1
8026,1
8027,1
8028,1
8029,1
8030,2
8031,1
8033,1
8034,1
8035,5
8037,1
8038,1
8039,6
8041,1
8042,1
8043,1
8045,1
8046,1
8047,1
8048,1
8049,1
8050,1
8054,1
8055,1
8056,1
8058,5
8059,2
8060,1
8061,1
8062,1
8063,1
8066,6
8067,3
8068,1
8069,1
8070,1
8071,1
8072,1
8074,3
8075,1
8076,4
8077,1
8078,1
8079,1
8080,1
8081,1
8082,1
8083,1
8085,7
8086,1
8088,1
8089,1
8090,1
8091,1
8092,1
8094,2
8095,1
8096,1
8097,1
8098,1
8099,1
8100,1
8102,6
8104,1
8105,1
8106,4
8107,1
8108,1
8110,1
8112,1
8113,1
8115,5
8116,1
8117,2
8118,1
8119,1
8120,1
8121,1
8122,1
8123,1
8124,1
8125,1
8126,1
8127,1
8128,1
8129,1
8130,1
8131,1
8132,1
8133,1
8134,1
8135,5
8136,1
8137,1
8138,1
8139,1
8140,1
8143,4
8144,1
8145,1
8147,1
8148,1
8149,1
8150,1
8152,1
8153,1
8154,1
8156,1
8157,1
8158,1
8159,1
8160,1
8161,1
8163,1
8164,1
8165,3
8166,3
8167,3
8168,3
8169,1
8170,1
8171,1
8172,3
8173,1
8174,1
8175,1
8176,1
8179,1
8180,6
8182,1
8183,2
8184,4
8186,1
8187,1
8188,2
8189,1
8190,5
8191,1
8192,1
8193,1
8196,1
8197,1
8199,1
8200,1
8201,1
8202,3
8203,4
8204,1
8205,5
8207,1
8208,1
8210,1
8211,1
8212,1
8213,1
8214,1
8215,1
8216,1
8217,1
8218,1
8219,1
8220,1
8221,1
8222,1
8223,1
8224,1
8225,1
8226,1
8227,1
8228,1
8229,1
8230,1
8231,1
8233,1
8234,1
8235,1
8236,1
8237,1
8240,1
8242,1
8244,1
8245,1
8246,1
8247,1
8248,1
8249,1
8250,1
8251,1
8252,3
8253,1
8254,1
8255,3
8256,4
8257,3
8258,1
8259,1
8260,1
8261,2
8262,1
8263,4
8264,3
8266,5
8267,3
8268,3
8269,5
8270,1
8271,4
8272,1
8273,1
8274,6
8275,1
8276,1
8277,1
8279,1
8280,6
8281,3
8282,1
8283,1
8286,1
8288,1
8290,1
8293,1
8295,1
8296,1
8297,6
8298,3
8299,3
8300,1
8301,1
8302,1
8303,1
8304,1
8305,1
8306,3
8307,3
8308,1
8309,1
8310,1
8311,4
8312,4
8313,1
8314,1
8315,6
8316,1
8317,1
8318,1
8319,1
8320,5
8322,1
8323,1
8324,1
8325,4
8327,1
8328,5
8329,4
8330,1
8331,1
8332,1
8333,4
8334,1
8335,1
8336,1
8337,1
8338,1
8339,5
8341,1
8342,1
8343,1
8344,3
8345,1
8348,1
8350,3
8352,5
8353,1
8354,1
8355,1
8356,1
8357,3
8358,1
8360,3
8361,1
8362,5
8363,1
8364,5
8365,1
8366,3
8367,1
8368,4
8369,1
8370,4
8371,1
8372,6
8373,1
8374,3
8376,1
8377,1
8378,1
8380,1
8381,1
8382,1
8383,3
8384,1
8386,6
8387,1
8388,1
8389,1
8390,1
8391,1
8392,1
8393,1
8394,1
8395,1
8396,1
8397,1
8398,1
8399,6
8400,5
8401,5
8402,1
8404,3
8405,1
8406,3
8409,1
8410,1
8411,1
8412,1
8413,1
8414,6
8415,7
8416,1
8418,1
8419,1
8421,1
8422,4
8423,3
8424,1
8425,1
8426,1
8427,3
8430,5
8432,1
8436,1
8437,1
8438,1
8439,1
8440,3
8441,7
8442,1
8443,1
8444,1
8445,4
8446,1
8447,1
8448,1
8450,6
8451,1
8452,1
8458,1
8459,1
8460,1
8461,1
8464,1
8465,1
8466,1
8467,1
8468,1
8469,1
8470,1
8472,1
8474,1
8475,1
8476,1
8477,1
8478,1
8479,1
8480,1
8482,1
8483,6
8484,1
8486,1
8489,1
8490,1
8491,1
8493,1
8496,1
8497,1
8499,1
8501,1
8502,1
8503,2
8504,1
8505,1
8506,1
8507,1
8508,6
8509,1
8510,1
8512,5
8513,6
8514,6
8515,1
8517,1
8518,2
8520,1
8521,1
8522,1
8523,4
8524,4
8525,1
8526,1
8527,5
8528,4
8529,1
8530,1
8531,1
8532,5
8533,1
8534,3
8535,1
8537,1
8538,1
8540,1
8541,1
8542,1
8543,1
8544,1
8546,1
8547,1
8548,1
8549,1
8550,1
8551,2
8552,1
8553,5
8554,1
8555,1
8556,6
8557,3
8558,5
8560,1
8561,1
8565,1
8566,3
8567,5
8570,3
8572,1
8573,1
8574,1
8575,1
8576,1
8577,1
8578,1
8579,1
8581,1
8583,1
8584,1
8586,1
8587,1
8588,1
8589,1
8590,1
8592,5
8593,1
8594,1
8595,1
8597,5
8598,1
8599,1
8601,1
8602,1
8604,1
8605,1
8606,1
8609,1
8610,1
8611,5
8614,1
8615,4
8616,1
8617,1
8618,1
8619,3
8620,1
8621,1
8622,1
8623,1
8624,6
8625,1
8626,1
8628,1
8629,1
8630,1
8631,1
8633,4
8634,1
8635,1
8638,1
8639,1
8640,1
8641,1
8642,1
8643,1
8644,3
8645,5
8647,5
8648,1
8650,1
8651,1
8654,1
8655,3
8657,1
8658,1
8659,1
8661,3
8663,1
8664,1
8665,5
8666,1
8667,1
8668,1
8669,1
8670,1
8672,1
8674,3
8675,1
8676,1
8677,6
8679,1
8680,1
8681,1
8684,1
8685,1
8686,1
8687,1
8688,1
8690,1
8691,1
8692,1
8693,1
8695,5
8697,1
8698,1
8699,1
8701,1
8702,1
8704,1
8705,3
8706,1
8708,1
8709,1
8711,1
8712,1
8713,1
8714,3
8715,3
8716,1
8717,1
8718,1
8719,5
8720,3
8721,5
8723,1
8724,5
8725,1
8726,4
8727,1
8728,1
8729,1
8731,1
8732,2
8733,1
8734,1
8737,1
8738,1
8739,1
8740,1
8741,1
8742,1
8744,1
8746,1
8747,1
8748,1
8749,1
8750,1
8751,4
8752,1
8753,5
8754,1
8756,1
8757,1
8758,1
8759,1
8760,1
8761,1
8762,1
8764,1
8765,6
8766,1
8767,1
8769,1
8771,4
8773,1
8774,1
8775,7
8776,1
8777,1
8778,1
8780,1
8781,1
8782,1
8784,1
8786,1
8787,3
8788,1
8789,3
8790,1
8792,1
8793,1
8794,1
8795,1
8796,5
8797,1
8798,1
8799,1
8800,1
8801,1
8803,6
8804,1
8805,1
8807,1
8808,5
8809,1
8810,1
8811,1
8812,1
8813,1
8814,1
8816,1
8817,1
8819,1
8820,1
8821,6
8822,4
8823,1
8824,6
8825,1
8826,1
8827,1
8828,3
8829,1
8830,1
8831,1
8832,1
8833,1
8834,1
8835,1
8836,1
8837,1
8838,5
8839,1
8840,2
8841,1
8842,1
8843,1
8844,1
8845,1
8847,1
8848,1
8849,1
8850,1
8854,1
8856,1
8857,1
8858,1
8859,1
8860,1
8861,1
8862,1
8863,1
8864,1
8865,1
8866,1
8867,1
8868,1
8869,1
8870,1
8871,1
8872,1
8873,1
8875,1
8877,2
8878,4
8880,1
8881,3
8882,1
8883,5
8885,1
8887,1
8889,1
8890,1
8892,1
8894,1
8895,1
8896,1
8897,1
8898,1
8899,1
8901,1
8902,4
8903,5
8904,1
8905,5
8906,1
8907,6
8908,2
8909,5
8910,2
8911,1
8912,1
8913,1
8914,1
8915,1
8916,1
8917,1
8918,1
8920,1
8921,1
8922,1
8923,1
8924,1
8925,1
8926,1
8929,1
8930,7
8931,1
8932,5
8933,1
8934,1
8936,1
8937,1
8938,1
8940,1
8941,1
8942,1
8943,1
8944,1
8945,1
8946,1
8947,1
8948,1
8949,1
8950,1
8951,1
8952,1
8953,2
8954,1
8955,1
8957,1
8958,5
8959,1
8961,1
8962,1
8963,6
8964,1
8965,1
8966,1
8967,1
8968,1
8969,5
8971,1
8972,1
8973,1
8974,1
8975,1
8976,3
8978,1
8979,1
8980,1
8981,6
8982,5
8983,1
8984,4